"","Dim.1","Dim.2","Dim.3","Dim.4","Dim.5"
"CountryOrigin",0.381924778322186,0.785248353216052,0.983299213430512,0.996735027953853,0.994252563095134
"Sabor",0.831065714517564,0.105860203245625,0.0633060676172573,0.00978209427056636,0.00405869878210551
"Presentacion",0.692536218334273,0.319934746520529,0.0302306179338497,0.00979911474970142,0.0170019251689996
"QualityScore",0.93686481817886,0.0149516248833016,0.00273400510717916,0.0000600976048239604,0.000000225900616213042
