"","Dim.1","Dim.2","Dim.3","Dim.4","Dim.5"
"CountryOrigin",13.4367406593397,64.0498859634919,91.0824958815848,98.0675163365321,97.9256799345738
"Sabor",29.2382560929869,8.63463631370245,5.86400819228932,0.962448055681934,0.399748366401022
"Presentacion",24.3645610107746,26.0959274177051,2.80024645179095,0.964122679397185,1.67454944967713
"QualityScore",32.9604422368988,1.2195503051006,0.253249474334574,0.00591292838876036,0.0000222493481650544
